{
  "train_loss": [
    0.019448148830185745,
    0.01629727643769563,
    0.016038612016866665
  ],
  "dev_loss": [
    0.07133453998835833,
    0.07133453998835833,
    0.07133453998835833
  ],
  "dev_bleu1": [
    0.47202390016736356,
    0.47202390016736356,
    0.47202390016736356
  ],
  "dev_bleu2": [
    0.14926706345648033,
    0.14926706345648033,
    0.14926706345648033
  ],
  "dev_bleu3": [
    0.10169446650447149,
    0.10169446650447149,
    0.10169446650447149
  ],
  "dev_bleu4": [
    0.08393903827138907,
    0.08393903827138907,
    0.08393903827138907
  ]
}