{
  "train_loss": [
    1.0540278007851056,
    0.03263214206420521,
    0.02983563080174751
  ],
  "dev_loss": [
    0.042180604990420305,
    0.040329659062369565,
    0.04009452701841549
  ],
  "dev_bleu1": [
    0.05589430894308943,
    0.061991869918699184,
    0.060333210814198616
  ],
  "dev_bleu2": [
    0.01767533245012814,
    0.01960355053559667,
    0.019079036472396962
  ],
  "dev_bleu3": [
    0.012042063816235127,
    0.013355743505278957,
    0.012998396233911632
  ],
  "dev_bleu4": [
    0.009939569873185035,
    0.011023886586623403,
    0.010728930653242708
  ]
}